{"cameraMode":{"drawMode":0,"name":"Shaded","section":"Shading Mode"},"sceneLighting":false,"audioPlay":false,"sceneViewState":{"showFog":true,"showMaterialUpdate":false,"showSkybox":true,"showFlares":true,"showImageEffects":true,"showParticleSystems":true},"in2DMode":false,"pivot":{"x":5.849999904632568,"y":0.1599999964237213,"z":4.369997978210449},"rotation":{"x":-0.0017905507702380419,"y":-0.9953312277793884,"z":0.09465052932500839,"w":-0.018807198852300645},"size":2.3316328525543215,"orthographic":false}