{"cameraMode":{"drawMode":0,"name":"Shaded","section":"Shading Mode"},"sceneLighting":false,"audioPlay":false,"sceneViewState":{"showFog":true,"showMaterialUpdate":false,"showSkybox":true,"showFlares":true,"showImageEffects":true,"showParticleSystems":true},"in2DMode":false,"pivot":{"x":4.970030784606934,"y":-0.44999998807907107,"z":14.234000205993653},"rotation":{"x":-0.4783095121383667,"y":-0.055291879922151569,"z":0.03017871081829071,"w":-0.8759292960166931},"size":8.237332344055176,"orthographic":false}